seq_name,PseEIIP_LightGBM_label,PseEIIP_LightGBM_score,TNC_LightGBM_label,TNC_LightGBM_score,DNC_LightGBM_label,DNC_LightGBM_score,CKSNAP_LightGBM_label,CKSNAP_LightGBM_score,PCPseDNC_LightGBM_label,PCPseDNC_LightGBM_score,PCPseTNC_LightGBM_label,PCPseTNC_LightGBM_score,SCPseDNC_LightGBM_label,SCPseDNC_LightGBM_score,SCPseTNC_LightGBM_label,SCPseTNC_LightGBM_score,DACC_LightGBM_label,DACC_LightGBM_score,Sequence-based_single-layer_label,Sequence-based_single-layer_LightGBM_score,Physicochemical property_single-layer_label,Physicochemical property_single-layer_LightGBM_score,two-layer_model_label,two-layer_model_score
>ID|16431|gene_id|48445|transcript_id|NM_080178 Acph-1 Drosophila melanogaster mRNA ,Nucleus,0.8042772275558339,Nucleus,0.8042772275558339,Nucleus,0.7786232012745369,Nucleus,0.7010699197012109,Nucleus,0.7047876559467857,Nucleus,0.7894923618309689,Nucleus,0.6857789118044387,Nucleus,0.7550808817638059,Nucleus,0.448815381260631,Nucleus,0.676791038521326,Nucleus,0.617649515217483,Nucleus,0.6373633563187641
>ID|14694|gene_id|41126|transcript_id|NM_001275484 alpha-Man-IIa Drosophila melanogaster mRNA ,Nucleus,0.7119667378788581,Nucleus,0.7119667378788581,Nucleus,0.60415573657018,Nucleus,0.5855685615833448,Nucleus,0.5718798898096319,Nucleus,0.5755874026931659,Cytoplasm,0.5081246863733269,Nucleus,0.7616254023625578,Nucleus,0.7043481258505483,Nucleus,0.6165606454184784,Nucleus,0.5227315547822482,Nucleus,0.5540079183276583
>ID|11657|gene_id|31945|transcript_id|NM_001042801 RhoU Drosophila melanogaster mRNA ,Cytoplasm,0.553942292374261,Cytoplasm,0.553942292374261,Nucleus,0.5257547658824383,Nucleus,0.5532325644970114,Nucleus,0.808967019760378,Nucleus,0.5475915080467123,Nucleus,0.570116221680554,Nucleus,0.5963405557798109,Cytoplasm,0.48812960500875474,Nucleus,0.5994277846176542,Cytoplasm,0.3972590192015124,Nucleus,0.4564083207960096
>ID|13128|gene_id|36248|transcript_id|NM_136849 Tret1-1 Drosophila melanogaster mRNA ,Nucleus,0.5631964697122276,Nucleus,0.5631964697122276,Nucleus,0.5646911462208681,Nucleus,0.4944429674791799,Nucleus,0.5162715139261865,Nucleus,0.5245584062255515,Nucleus,0.6518976466722666,Nucleus,0.7454968161189256,Nucleus,0.7475878202585814,Nucleus,0.6371624406403023,Nucleus,0.4371054106249006,Nucleus,0.5037910872967012
>ID|13504|gene_id|37601|transcript_id|NM_001299813 RYBP Drosophila melanogaster mRNA ,Nucleus,0.8207249944955484,Nucleus,0.8207249944955484,Nucleus,0.8829141289233229,Nucleus,0.7882980142098629,Nucleus,0.9154060835090395,Nucleus,0.785727845318129,Nucleus,0.9132597176096253,Nucleus,0.8680989976200678,Nucleus,0.6876873007978479,Nucleus,0.8340359889709419,Nucleus,0.6625324264248565,Nucleus,0.719700280606885
>ID|15483|gene_id|43804|transcript_id|NM_079887 mav Drosophila melanogaster mRNA ,Nucleus,0.5753635699128901,Nucleus,0.5753635699128901,Nucleus,0.620888300739285,Mitochondria,0.8422529093792476,Nucleus,0.6874525368207858,Nucleus,0.6260592327049159,Nucleus,0.7090292960951874,Nucleus,0.5339214257108603,Nucleus,0.6309655172922868,Nucleus,0.6374856017248073,Nucleus,0.3746568204820966,Nucleus,0.4622664142296668
>ID|15069|gene_id|42451|transcript_id|NM_142649 CG4000 Drosophila melanogaster mRNA ,Cytoplasm,0.7222192932651755,Cytoplasm,0.7222192932651755,Cytoplasm,0.8408234945999301,Cytoplasm,0.7523929322996751,Cytoplasm,0.755579922601232,Cytoplasm,0.7345961923786836,Cytoplasm,0.7830031851059133,Cytoplasm,0.5768652170543096,Cytoplasm,0.683678085746341,Cytoplasm,0.7067445205772959,Cytoplasm,0.6075310026859913,Cytoplasm,0.6406021753164262
>ID|14845|gene_id|41526|transcript_id|NM_141937 CG17202 Drosophila melanogaster mRNA ,Nucleus,0.8351907681957437,Nucleus,0.8351907681957437,Nucleus,0.7564757487645283,Nucleus,0.7979822660902371,Nucleus,0.8339251326581041,Nucleus,0.739302335056932,Nucleus,0.8535843878684096,Nucleus,0.7478958103150769,Nucleus,0.6668585061074791,Nucleus,0.7683132344012004,Nucleus,0.6449679102492506,Nucleus,0.6860830182999006
>ID|12609|gene_id|34263|transcript_id|NM_001273362 numb Drosophila melanogaster mRNA ,Nucleus,0.5943603022280847,Nucleus,0.5943603022280847,Nucleus,0.6417400728091182,Nucleus,0.5179440266273634,Nucleus,0.83539435863955,Nucleus,0.5427868185007771,Nucleus,0.8035072731484538,Nucleus,0.5254944124334716,Nucleus,0.8916255667779438,Nucleus,0.7197616859000393,Nucleus,0.4696809407785302,Nucleus,0.5530411891523666
>ID|13124|gene_id|36237|transcript_id|NM_001259337 CG7777 Drosophila melanogaster mRNA ,Cytoplasm,0.5536374777354511,Cytoplasm,0.5536374777354511,Nucleus,0.4755257257056816,Nucleus,0.5696721202412579,Nucleus,0.5305243058897168,Cytoplasm,0.5636160098890884,Cytoplasm,0.6903417949774074,Cytoplasm,0.5365075734673487,Cytoplasm,0.5684856447096189,Cytoplasm,0.5506599490383858,Cytoplasm,0.36768755408894815,Cytoplasm,0.42867835240542734
>ID|14699|gene_id|41158|transcript_id|NM_169296 Kap-alpha3 Drosophila melanogaster mRNA ,Nucleus,0.5031927939573958,Nucleus,0.5031927939573958,Nucleus,0.6558569130519072,Nucleus,0.8523427991315076,Nucleus,0.528012423396509,Nucleus,0.6349592229135445,Cytoplasm,0.6296475691025443,Cytoplasm,0.4940002373622918,Nucleus,0.6479138409099607,Nucleus,0.5322814724429833,Nucleus,0.5029170600196412,Nucleus,0.5127051974940886
>ID|14894|gene_id|41702|transcript_id|NM_142067 CG9925 Drosophila melanogaster mRNA ,Nucleus,0.5326425719320546,Nucleus,0.5326425719320546,Nucleus,0.5970418258592752,Nucleus,0.6525212795352223,Nucleus,0.6465749876842317,Cytoplasm,0.596297359715589,Nucleus,0.6410762307547502,Nucleus,0.6238652713134911,Cytoplasm,0.5045199160324545,Nucleus,0.5564828135702342,Nucleus,0.46296964985172134,Nucleus,0.49414070442455893
>ID|17919|gene_id|53581|transcript_id|NM_001298072 Gclc Drosophila melanogaster mRNA ,Nucleus,0.6142384331494991,Nucleus,0.6142384331494991,Cytoplasm,0.5442986669956456,Nucleus,0.4906346964345223,Nucleus,0.5683264464837969,Nucleus,0.6711895721767526,Nucleus,0.5417656186507772,Nucleus,0.5509875837449719,Nucleus,0.6507828068642768,Nucleus,0.596610405584115,Nucleus,0.4338176820794474,Nucleus,0.4880819232476699
>ID|12405|gene_id|33628|transcript_id|NM_134975 CG3702 Drosophila melanogaster mRNA ,Nucleus,0.7253426653275179,Nucleus,0.7253426653275179,Nucleus,0.534904539562789,Cytoplasm,0.5088225341821007,Nucleus,0.5517826009392303,Nucleus,0.7301476398770068,Nucleus,0.719488103134983,Nucleus,0.7697587220730567,Nucleus,0.6170353221215092,Nucleus,0.6776424776291572,Nucleus,0.4892463657643443,Nucleus,0.5520450697192819
>ID|11472|gene_id|31585|transcript_id|NM_132095 CG3918 Drosophila melanogaster mRNA ,Nucleus,0.83749008597384,Nucleus,0.83749008597384,Nucleus,0.8341936585620635,Nucleus,0.8985820273807414,Nucleus,0.8846806336220561,Nucleus,0.7393586496955207,Nucleus,0.7694402647318939,Nucleus,0.8778468580452362,Nucleus,0.6404228092795484,Nucleus,0.782349843074851,Nucleus,0.681551171578097,Nucleus,0.7151507287436817
>ID|13711|gene_id|38078|transcript_id|NM_138202 MED30 Drosophila melanogaster mRNA ,Nucleus,0.7651540419930045,Nucleus,0.7651540419930045,Cytoplasm,0.7005559267163348,Nucleus,0.5398497241740209,Cytoplasm,0.7268818457854443,Nucleus,0.5598065935439793,Cytoplasm,0.595773834727575,Nucleus,0.6966135825101387,Nucleus,0.5688275346895153,Nucleus,0.4896736051772869,Nucleus,0.4670734704743268,Nucleus,0.47460684870864683
>ID|11979|gene_id|32548|transcript_id|NM_001272658 MSBP Drosophila melanogaster mRNA ,Nucleus,0.6433388080655639,Nucleus,0.6433388080655639,Nucleus,0.636572082788611,Nucleus,0.39535392549557324,Nucleus,0.6263843722902451,Nucleus,0.544809232468947,Nucleus,0.5258625652884105,Nucleus,0.5010021776714773,Cytoplasm,0.46021130527501736,Nucleus,0.52890901623104,Nucleus,0.4637207248830624,Nucleus,0.4854501553323883
>ID|11585|gene_id|318000|transcript_id|NM_206297 CG32373 Drosophila melanogaster mRNA ,Nucleus,0.8296431011134168,Nucleus,0.8296431011134168,Nucleus,0.8718243072778481,Nucleus,0.7247172464945115,Nucleus,0.6717997735284271,Nucleus,0.8677048407969744,Nucleus,0.7234197914686716,Nucleus,0.7143538292223693,Nucleus,0.5722159637043318,Nucleus,0.7098988397441549,Nucleus,0.6511655511998387,Nucleus,0.6707433140479441
>ID|14155|gene_id|39368|transcript_id|NM_168487 rols Drosophila melanogaster mRNA ,Nucleus,0.6595231290053506,Nucleus,0.6595231290053506,Nucleus,0.49951850989706076,Nucleus,0.6447707943335931,Nucleus,0.5573930616787938,Nucleus,0.8008532160453055,Nucleus,0.8387757692622227,Nucleus,0.6405868825034562,Nucleus,0.766665942328125,Nucleus,0.7208549743635806,Nucleus,0.492667112448271,Nucleus,0.5687297330867075
>ID|15309|gene_id|43354|transcript_id|NM_143344 Gp93 Drosophila melanogaster mRNA ,Cytoplasm,0.7241469942090468,Cytoplasm,0.7241469942090468,Nucleus,0.6182105037312864,Cytoplasm,0.618275985820248,Nucleus,0.5450499860982962,Cytoplasm,0.7668275855416368,Nucleus,0.5462936199217212,Cytoplasm,0.7658675239097953,Cytoplasm,0.521108516845249,Cytoplasm,0.5772572278617142,Cytoplasm,0.4855755108766363,Cytoplasm,0.5161360832049956
>ID|15035|gene_id|42305|transcript_id|NM_169852 cry Drosophila melanogaster mRNA ,Cytoplasm,0.5848741661157023,Cytoplasm,0.5848741661157023,Nucleus,0.5352066935292731,Nucleus,0.6877395316593554,Nucleus,0.5965632834210179,Nucleus,0.5150853297399437,Nucleus,0.6853168478510165,Nucleus,0.5058624790273882,Cytoplasm,0.5210935757781749,Nucleus,0.53089607837791,Nucleus,0.40082106161688963,Nucleus,0.4441794005372297
>ID|15202|gene_id|42879|transcript_id|NM_142974 CG17786 Drosophila melanogaster mRNA ,Cytoplasm,0.5102321041204847,Cytoplasm,0.5102321041204847,Nucleus,0.5421592543113896,Nucleus,0.5994732298553226,Nucleus,0.6612829963742657,Nucleus,0.7079201595201831,Nucleus,0.6460520004232307,Nucleus,0.6931374658815177,Nucleus,0.6775555068374581,Nucleus,0.677189625807331,Nucleus,0.4194827000118472,Nucleus,0.5053850086103417
>ID|11524|gene_id|31704|transcript_id|NM_001298064 snz Drosophila melanogaster mRNA ,Nucleus,0.7183527552753278,Nucleus,0.7183527552753278,Nucleus,0.5519654686410947,Nucleus,0.699455363596256,Nucleus,0.5880987340865607,Nucleus,0.5710422059165552,Cytoplasm,0.5412649187432675,Nucleus,0.6291420536114299,Nucleus,0.814284201177633,Nucleus,0.610656002092995,Nucleus,0.5376252685576013,Nucleus,0.5619688464027325
>ID|15764|gene_id|45247|transcript_id|NM_143753 VhaPPA1-1 Drosophila melanogaster mRNA ,Cytoplasm,0.41588028417334383,Cytoplasm,0.41588028417334383,Cytoplasm,0.6074905765805391,Cytoplasm,0.598840141055642,Cytoplasm,0.5381655426384664,Cytoplasm,0.5681808084842348,Nucleus,0.5612707618435301,Cytoplasm,0.49107395577878415,Cytoplasm,0.5534960014915077,Cytoplasm,0.5129680552117075,Cytoplasm,0.40761825719657374,Cytoplasm,0.44273485653495165
>ID|13088|gene_id|36042|transcript_id|NM_206068 CG12128 Drosophila melanogaster mRNA ,Nucleus,0.7576692792171319,Nucleus,0.7576692792171319,Nucleus,0.7684318173123525,Mitochondria,0.6922813543870217,Nucleus,0.541937173585919,Nucleus,0.7144316851668292,Nucleus,0.7786558021911576,Nucleus,0.7620395208558209,Nucleus,0.8058660579570845,Nucleus,0.7205860479513622,Nucleus,0.5097878500467757,Nucleus,0.5800539160149712
>ID|681|gene_id|10178782|transcript_id|NM_001201893 CG31808 Drosophila melanogaster mRNA ,Nucleus,0.7092729910790452,Nucleus,0.7092729910790452,Nucleus,0.7770853187064405,Nucleus,0.7999618629368286,Nucleus,0.8411978737689769,Nucleus,0.694696192379406,Nucleus,0.7712196163756421,Nucleus,0.7150867131857864,Nucleus,0.8117636259410789,Nucleus,0.766792804330178,Nucleus,0.5991186327602719,Nucleus,0.6550100232835739
>ID|13912|gene_id|38708|transcript_id|NM_057931 Lcp65Ac Drosophila melanogaster mRNA ,Cytoplasm,0.5606239892407249,Cytoplasm,0.5606239892407249,Nucleus,0.7021005002169645,Nucleus,0.5938131537279664,Cytoplasm,0.49992311483923607,Nucleus,0.5420618606246189,Nucleus,0.5860624941210927,Cytoplasm,0.5593338168734734,Nucleus,0.7474578281545697,Nucleus,0.5567933140776989,Nucleus,0.42815012796976515,Nucleus,0.4710311900057431
>ID|14717|gene_id|41205|transcript_id|NM_141693 CG8507 Drosophila melanogaster mRNA ,Nucleus,0.7937271206184535,Nucleus,0.7937271206184535,Nucleus,0.8142242772454461,Nucleus,0.7868982722646611,Nucleus,0.6458827122175321,Nucleus,0.7825575052258926,Nucleus,0.7731086936086892,Nucleus,0.7601332919721328,Nucleus,0.7957278420273789,Nucleus,0.7514820090103251,Nucleus,0.6377153581494028,Nucleus,0.6756375751030436
>ID|13076|gene_id|35971|transcript_id|NM_165676 ced-6 Drosophila melanogaster mRNA ,Nucleus,0.7899396315823257,Nucleus,0.7899396315823257,Nucleus,0.7117494509282017,Nucleus,0.7468349228665442,Nucleus,0.68413161357963,Nucleus,0.8295678935271726,Nucleus,0.6529585584631575,Nucleus,0.8661786633612175,Nucleus,0.7434582062687392,Nucleus,0.7552589870399833,Nucleus,0.6076927273918795,Nucleus,0.6568814806079141
>ID|9182|gene_id|251414|transcript_id|NM_001274549 zpg Drosophila melanogaster mRNA ,Nucleus,0.5373077829993685,Nucleus,0.5373077829993685,Nucleus,0.8110103312976016,Nucleus,0.5422130297880473,Nucleus,0.6672129861175693,Nucleus,0.5463601060759178,Nucleus,0.7378029374498329,Nucleus,0.4810885257764425,Nucleus,0.744515107787673,Nucleus,0.6353959326414872,Nucleus,0.48556778541687723,Nucleus,0.5355105011584139
>ID|14037|gene_id|39018|transcript_id|NM_140009 orb2 Drosophila melanogaster mRNA ,Nucleus,0.9112230136759579,Nucleus,0.9112230136759579,Nucleus,0.9290673160919063,Nucleus,0.781021186256725,Nucleus,0.9294447937230116,Nucleus,0.9134688889198559,Nucleus,0.9373956452007199,Nucleus,0.926413236458782,Nucleus,0.8701051003301212,Nucleus,0.9153655329264982,Nucleus,0.7065069059401095,Nucleus,0.7761264482689058
>ID|12481|gene_id|33861|transcript_id|NM_058119 Kr-h1 Drosophila melanogaster mRNA ,Nucleus,0.8159716142482066,Nucleus,0.8159716142482066,Nucleus,0.8510314707352489,Nucleus,0.806402930537459,Nucleus,0.893821040211252,Nucleus,0.7662250433989403,Nucleus,0.921808524092588,Nucleus,0.8369415297523923,Nucleus,0.8356324608812442,Nucleus,0.8508857196672835,Nucleus,0.6578755259538243,Nucleus,0.722212257191644
>ID|13601|gene_id|37782|transcript_id|NM_058028 CG4585 Drosophila melanogaster mRNA ,Cytoplasm,0.5282431331361345,Cytoplasm,0.5282431331361345,Nucleus,0.7184809858584438,Nucleus,0.6281106729105923,Nucleus,0.7654436610637435,Cytoplasm,0.538712177975286,Nucleus,0.6611256235501947,Cytoplasm,0.5649217391967088,Cytoplasm,0.479006680371364,Nucleus,0.5223535468123071,Nucleus,0.44612711711212183,Nucleus,0.47153592701218355
>ID|13279|gene_id|36858|transcript_id|NM_137297 CG8303 Drosophila melanogaster mRNA ,Cytoplasm,0.5330314037604126,Cytoplasm,0.5330314037604126,Nucleus,0.6199734387138568,Nucleus,0.7289189847111894,Nucleus,0.49379797116081126,Nucleus,0.559734189831484,Nucleus,0.5921509440749002,Cytoplasm,0.7862385918141275,Nucleus,0.8882339492733742,Nucleus,0.5468554005998666,Nucleus,0.4483571792460278,Nucleus,0.48118991969730746
>ID|13312|gene_id|37029|transcript_id|NM_137421 OstDelta Drosophila melanogaster mRNA ,Nucleus,0.7083398295017452,Nucleus,0.7083398295017452,Nucleus,0.7208923011935233,Nucleus,0.6498509396384266,Nucleus,0.6709082421810103,Nucleus,0.7220038026676254,Nucleus,0.6637426041764011,Nucleus,0.7321803269100157,Cytoplasm,0.5854843630771226,Nucleus,0.6294068897781904,Nucleus,0.557484579967088,Nucleus,0.5814586832374554
>ID|13997|gene_id|38900|transcript_id|NM_206300 ldbr Drosophila melanogaster mRNA ,Cytoplasm,0.5127251536531529,Cytoplasm,0.5127251536531529,Nucleus,0.5601876327824701,Nucleus,0.5012145243037588,Nucleus,0.5406601571117636,Cytoplasm,0.6407498485030543,Cytoplasm,0.48511161284255466,Cytoplasm,0.6282855580604447,Nucleus,0.6358911956817529,Cytoplasm,0.5022716372294405,Nucleus,0.39931673867258644,Nucleus,0.4207482855383211
>ID|11399|gene_id|31310|transcript_id|NM_001272275 Myc Drosophila melanogaster mRNA ,Nucleus,0.6253192686015676,Nucleus,0.6253192686015676,Nucleus,0.7671509130560036,Nucleus,0.6712132523783346,Nucleus,0.7944314773324413,Nucleus,0.6459152765421218,Nucleus,0.8326461086896983,Nucleus,0.7700351391253365,Nucleus,0.8319892538362993,Nucleus,0.7750034511051794,Nucleus,0.5378005405274947,Nucleus,0.616868177386723
>ID|12449|gene_id|33758|transcript_id|NM_001298693 Bub1 Drosophila melanogaster mRNA ,Nucleus,0.7920314061168002,Nucleus,0.7920314061168002,Nucleus,0.7740661494110423,Nucleus,0.8329295008852844,Nucleus,0.8107454795513332,Nucleus,0.7516174846180015,Nucleus,0.7518976817500558,Nucleus,0.731650217838982,Nucleus,0.6484436892872486,Nucleus,0.7388709106091242,Nucleus,0.6382116925059854,Nucleus,0.6717647652070317
>ID|15429|gene_id|43662|transcript_id|NM_079858 Sap-r Drosophila melanogaster mRNA ,Nucleus,0.5336325894097167,Nucleus,0.5336325894097167,Nucleus,0.7807131775839325,Nucleus,0.7809004842408125,Nucleus,0.8266530783427689,Nucleus,0.6605962946942859,Nucleus,0.5992864226002729,Cytoplasm,0.525474941132409,Cytoplasm,0.6361471316982203,Nucleus,0.5707908242378592,Nucleus,0.5257757681288358,Nucleus,0.5407807868318436
>ID|13316|gene_id|37039|transcript_id|NM_137428 olf186-M Drosophila melanogaster mRNA ,Nucleus,0.794630248685621,Nucleus,0.794630248685621,Nucleus,0.7527768004395671,Nucleus,0.7622297913771975,Nucleus,0.6552192112980243,Nucleus,0.7108621991256875,Nucleus,0.8599441707692907,Nucleus,0.8045183710778399,Nucleus,0.88820981515799,Nucleus,0.7837507534857664,Nucleus,0.6208534178376014,Nucleus,0.675152529720323
>ID|10488|gene_id|2768961|transcript_id|NM_141158 CG7369 Drosophila melanogaster mRNA ,Nucleus,0.7728178469597078,Nucleus,0.7728178469597078,Nucleus,0.664496421177624,Nucleus,0.8313302077230974,Nucleus,0.7152049824305569,Nucleus,0.7258713294582613,Cytoplasm,0.49422981217382583,Nucleus,0.7365479583750919,Nucleus,0.649719686375545,Nucleus,0.6642118202602162,Nucleus,0.6082924645640274,Nucleus,0.6269322497960904
>ID|15502|gene_id|43906|transcript_id|NM_168879 skd Drosophila melanogaster mRNA ,Nucleus,0.7431635977002826,Nucleus,0.7431635977002826,Nucleus,0.6055878807661391,Nucleus,0.7763732605200456,Cytoplasm,0.5927399346577163,Nucleus,0.788409299562268,Nucleus,0.5553351697540257,Nucleus,0.8245781032207673,Nucleus,0.5118654069046313,Nucleus,0.6156618733316443,Nucleus,0.5736576673373499,Nucleus,0.5876590693354481
>ID|15806|gene_id|45525|transcript_id|NM_001274698 eIF-4E Drosophila melanogaster mRNA ,Nucleus,0.5738275401397198,Nucleus,0.5738275401397198,Nucleus,0.68573464447164,Nucleus,0.834979341721695,Nucleus,0.6889045805689021,Nucleus,0.741671575694581,Nucleus,0.9160280131683003,Nucleus,0.5927630102777569,Nucleus,0.7093350053303004,Nucleus,0.7297404370079682,Nucleus,0.5336738132945549,Nucleus,0.5990293545323593
>ID|12749|gene_id|34767|transcript_id|NM_001273516 B4 Drosophila melanogaster mRNA ,Nucleus,0.6887217109403044,Nucleus,0.6887217109403044,Nucleus,0.5102046113966473,Nucleus,0.7193145397528039,Cytoplasm,0.5448191432032767,Nucleus,0.8080263355834654,Nucleus,0.7289608620675283,Nucleus,0.6625623900619044,Nucleus,0.9012815631985808,Nucleus,0.7091440892158198,Nucleus,0.521392514606012,Nucleus,0.5839763728092813
>ID|14468|gene_id|40327|transcript_id|NM_206407 siz Drosophila melanogaster mRNA ,Nucleus,0.8166343676369943,Nucleus,0.8166343676369943,Nucleus,0.5297777267696363,Nucleus,0.5900084421012946,Nucleus,0.737028146910636,Nucleus,0.696807193855905,Nucleus,0.9076896114141588,Nucleus,0.8263887284582253,Nucleus,0.9180252950664188,Nucleus,0.8171877951410688,Nucleus,0.5506109808289839,Nucleus,0.6394699189330121
>ID|13122|gene_id|36154|transcript_id|NM_165808 CG18004 Drosophila melanogaster mRNA ,Nucleus,0.5903884126005726,Nucleus,0.5903884126005726,Cytoplasm,0.6449070665814619,Nucleus,0.5921597992118371,Cytoplasm,0.5442635940613642,Nucleus,0.6109346060149126,Nucleus,0.5166678853200134,Cytoplasm,0.532062430630365,Nucleus,0.5388614185958834,Nucleus,0.5107104723940971,Nucleus,0.42026123782182945,Nucleus,0.45041098267925195
>ID|13503|gene_id|37588|transcript_id|NM_137848 CG3732 Drosophila melanogaster mRNA ,Nucleus,0.5680462065661073,Nucleus,0.5680462065661073,Nucleus,0.7570865536179693,Nucleus,0.6338675486301575,Nucleus,0.8016637761575021,Nucleus,0.6836694546513268,Nucleus,0.6214954136127903,Nucleus,0.5265427051310554,Nucleus,0.6112080491864721,Nucleus,0.6489158797478293,Nucleus,0.5054093030760682,Nucleus,0.5532448286333219
>ID|15330|gene_id|43402|transcript_id|NM_143380 WASp Drosophila melanogaster mRNA ,Nucleus,0.7582282085695276,Nucleus,0.7582282085695276,Nucleus,0.7024079840690253,Nucleus,0.7975394087786971,Nucleus,0.727030313975495,Nucleus,0.5864092347506166,Nucleus,0.8430936540046409,Nucleus,0.6974893885256899,Nucleus,0.6282264840515364,Nucleus,0.6964498150615956,Nucleus,0.6032807619973555,Nucleus,0.6343371130187688
>ID|11631|gene_id|318841|transcript_id|NM_164787 Bsg Drosophila melanogaster mRNA ,Nucleus,0.7988328669870602,Nucleus,0.7988328669870602,Nucleus,0.5510688998454679,Nucleus,0.6988041011090326,Nucleus,0.6694151941727579,Nucleus,0.8448127712188658,Nucleus,0.7504499447858649,Nucleus,0.7719325187041024,Nucleus,0.6583203086344683,Nucleus,0.7389861475032118,Nucleus,0.5695077469857243,Nucleus,0.6260005471582201
>ID|14318|gene_id|39933|transcript_id|NM_140714 Mip Drosophila melanogaster mRNA ,Nucleus,0.8143791546245488,Nucleus,0.8143791546245488,Nucleus,0.748072623484297,Cytoplasm,0.5562548742022241,Nucleus,0.6054969281721305,Nucleus,0.8229701456430151,Nucleus,0.8641874432987182,Nucleus,0.8486495480256822,Nucleus,0.9413499143823925,Nucleus,0.8165307959043876,Nucleus,0.5578761921504046,Nucleus,0.6440943934017324
>ID|16496|gene_id|48973|transcript_id|NM_001259699 Src64B Drosophila melanogaster mRNA ,Nucleus,0.6799412079195475,Nucleus,0.6799412079195475,Nucleus,0.5340606275637428,Nucleus,0.6646679233341234,Nucleus,0.5478646704041688,Nucleus,0.8150268384470419,Nucleus,0.7014087627647324,Nucleus,0.743072611387109,Nucleus,0.8415465019978712,Nucleus,0.7297838770001848,Nucleus,0.5117221933473923,Nucleus,0.5844094212316565
>ID|13688|gene_id|38021|transcript_id|NM_001169831 p130CAS Drosophila melanogaster mRNA ,Nucleus,0.8059726180991067,Nucleus,0.8059726180991067,Nucleus,0.4953914737837867,Nucleus,0.8016447321336075,Nucleus,0.5366289993070109,Nucleus,0.8611391172259356,Nucleus,0.49582460396805506,Nucleus,0.8578117387267906,Nucleus,0.5808352785288518,Nucleus,0.6664479475513287,Nucleus,0.5817962884231215,Nucleus,0.6100135081325239
>ID|13761|gene_id|38169|transcript_id|NM_176272 stet Drosophila melanogaster mRNA ,Nucleus,0.6517578594264477,Nucleus,0.6517578594264477,Nucleus,0.7423641882143917,Nucleus,0.6994995763770128,Nucleus,0.596814509631659,Nucleus,0.6788497880960515,Nucleus,0.6094228943333414,Nucleus,0.6970663584773085,Nucleus,0.672854576106836,Nucleus,0.6510016253290394,Nucleus,0.54907589668886,Nucleus,0.5830511395689199
>ID|13394|gene_id|37301|transcript_id|NM_137627 CG11200 Drosophila melanogaster mRNA ,Cytoplasm,0.513456854544257,Cytoplasm,0.513456854544257,Nucleus,0.448064053260313,Nucleus,0.7320996188909193,Nucleus,0.49620973521668604,Nucleus,0.49552197104001094,Cytoplasm,0.5284614510009351,Cytoplasm,0.5232250434616432,Cytoplasm,0.5161411264018289,Cytoplasm,0.47369232189490457,Nucleus,0.4135559384797033,Nucleus,0.40292645551838296
>ID|13405|gene_id|37355|transcript_id|NM_057676 insc Drosophila melanogaster mRNA ,Nucleus,0.6356008998758604,Nucleus,0.6356008998758604,Nucleus,0.649180517337519,Nucleus,0.6291133019549715,Nucleus,0.6441726031752112,Nucleus,0.5613646103625682,Nucleus,0.5686658522612356,Nucleus,0.6695672426934478,Cytoplasm,0.5804858111128113,Nucleus,0.5686727207681191,Nucleus,0.5098991238088423,Nucleus,0.5294903227952679
>ID|14365|gene_id|40021|transcript_id|NM_140784 CG7271 Drosophila melanogaster mRNA ,Cytoplasm,0.49698646200070135,Cytoplasm,0.49698646200070135,Nucleus,0.6336522453095271,Nucleus,0.5860449900087471,Nucleus,0.6662632647476092,Nucleus,0.589630371420782,Nucleus,0.7317383866694371,Cytoplasm,0.6191642392202267,Cytoplasm,0.6536137838234356,Nucleus,0.5212088806204692,Nucleus,0.4321519619053533,Nucleus,0.4618376014770586
>ID|13497|gene_id|37575|transcript_id|NM_001274208 dnr1 Drosophila melanogaster mRNA ,Cytoplasm,0.5402795778568475,Cytoplasm,0.5402795778568475,Nucleus,0.6729074902782995,Nucleus,0.5337254140964477,Nucleus,0.6946166406435171,Nucleus,0.6130501484055279,Nucleus,0.886573881274634,Cytoplasm,0.5528323149834364,Nucleus,0.9133248958118242,Nucleus,0.708044896265384,Nucleus,0.42162877847550717,Nucleus,0.5171008177387995
>ID|12519|gene_id|33934|transcript_id|NM_001298758 cup Drosophila melanogaster mRNA ,Nucleus,0.8138325478460314,Nucleus,0.8138325478460314,Nucleus,0.6424414675201722,Nucleus,0.7498587865275296,Nucleus,0.7129033799111048,Nucleus,0.7361355243019864,Cytoplasm,0.49821633668404497,Nucleus,0.74196183568262,Nucleus,0.5571304160519226,Nucleus,0.6476278008550781,Nucleus,0.603993069947953,Nucleus,0.618537980250328
>ID|12170|gene_id|33085|transcript_id|NM_001298580 CG32512 Drosophila melanogaster mRNA ,Nucleus,0.7942778459203708,Nucleus,0.7942778459203708,Nucleus,0.8637562103893127,Nucleus,0.790486901932873,Nucleus,0.6836014795869244,Nucleus,0.8010506738859284,Cytoplasm,0.5337880212150891,Nucleus,0.8046538465877923,Nucleus,0.622835584089375,Nucleus,0.6690209222225272,Nucleus,0.6485597608325854,Nucleus,0.6553801479625659
>ID|13642|gene_id|37882|transcript_id|NM_138056 nord Drosophila melanogaster mRNA ,Cytoplasm,0.5265971684606602,Cytoplasm,0.5265971684606602,Nucleus,0.6152944276833315,Nucleus,0.5704244045663723,Nucleus,0.6121040877208992,Nucleus,0.5789928787336851,Nucleus,0.7312614254882351,Nucleus,0.6355782966295487,Nucleus,0.7753227419506092,Nucleus,0.6666518861045955,Nucleus,0.42069751003124756,Nucleus,0.5026823020556969
>ID|13135|gene_id|36270|transcript_id|NM_165849 ERp60 Drosophila melanogaster mRNA ,Cytoplasm,0.6174752553747355,Cytoplasm,0.6174752553747355,Nucleus,0.6164522450853127,Cytoplasm,0.5247108620006515,Nucleus,0.6359566083039516,Cytoplasm,0.5377870844694257,Nucleus,0.6413117904672392,Cytoplasm,0.7011926956593536,Nucleus,0.5129723668300176,Nucleus,0.5048842740962642,Cytoplasm,0.4219108661482774,Cytoplasm,0.43623056742210814
>ID|13556|gene_id|37724|transcript_id|NM_079100 bw Drosophila melanogaster mRNA ,Nucleus,0.679650389940441,Nucleus,0.679650389940441,Nucleus,0.5089170770334024,Nucleus,0.6869679560685142,Nucleus,0.49121632127267334,Nucleus,0.7541182598547532,Nucleus,0.49050221126740273,Nucleus,0.6794364746674251,Nucleus,0.745204186191774,Nucleus,0.6320954906508056,Nucleus,0.5110371625965597,Nucleus,0.5513899386146417
>ID|12573|gene_id|34137|transcript_id|NM_135360 Ostgamma Drosophila melanogaster mRNA ,Nucleus,0.4622740259388115,Nucleus,0.4622740259388115,Cytoplasm,0.4864745470499903,Cytoplasm,0.44825236944443486,Nucleus,0.5565571905845876,Cytoplasm,0.5739954595887722,Nucleus,0.7283514131334702,Nucleus,0.5449054536679245,Cytoplasm,0.5930793652008975,Nucleus,0.4797800082212288,Cytoplasm,0.3590619968857204,Nucleus,0.3923460066764665
>ID|12902|gene_id|35282|transcript_id|NM_001273685 CG10680 Drosophila melanogaster mRNA ,Cytoplasm,0.5130368049817299,Cytoplasm,0.5130368049817299,Cytoplasm,0.5034979852413836,Cytoplasm,0.5955099790280208,Mitochondria,0.40976036808317207,Cytoplasm,0.5191602900076577,Mitochondria,0.3933463528626887,Cytoplasm,0.49939536312257526,Cytoplasm,0.38771030258613165,Nucleus,0.3815154876320236,Cytoplasm,0.4250163148465728,Cytoplasm,0.40680749677637884
>ID|13274|gene_id|36820|transcript_id|NM_137269 CG7747 Drosophila melanogaster mRNA ,Nucleus,0.7267497501879795,Nucleus,0.7267497501879795,Nucleus,0.8122168102645231,Nucleus,0.8383050693549436,Nucleus,0.7792155636110446,Nucleus,0.514859736888172,Nucleus,0.8361589209571291,Nucleus,0.6453656228787293,Nucleus,0.8678964816522324,Nucleus,0.7286992651974614,Nucleus,0.6208042759990852,Nucleus,0.6567692723985439
>ID|15585|gene_id|44131|transcript_id|NM_079965 Mkrn1 Drosophila melanogaster mRNA ,Nucleus,0.785368985241591,Nucleus,0.785368985241591,Nucleus,0.7416401126092561,Nucleus,0.7624271565859109,Nucleus,0.8233044196353435,Nucleus,0.6211343411016126,Nucleus,0.7386217702160683,Nucleus,0.6264581814481216,Nucleus,0.8444125944826512,Nucleus,0.7307862613767594,Nucleus,0.6149610479356697,Nucleus,0.653569452416033
>ID|11987|gene_id|32566|transcript_id|NM_206758 eIF5 Drosophila melanogaster mRNA ,Nucleus,0.7085927142762707,Nucleus,0.7085927142762707,Cytoplasm,0.5105385791712099,Nucleus,0.6927638548487522,Cytoplasm,0.5032538308682172,Nucleus,0.5977550125983364,Nucleus,0.649493757191046,Nucleus,0.5220322712270624,Nucleus,0.5335265230805909,Nucleus,0.5506462316538583,Nucleus,0.5147794036077661,Nucleus,0.5267350129564635
>ID|14049|gene_id|39034|transcript_id|NM_001144452 smg Drosophila melanogaster mRNA ,Nucleus,0.7367151902096124,Nucleus,0.7367151902096124,Nucleus,0.682530179765023,Nucleus,0.7016301708470548,Nucleus,0.7897709870815373,Nucleus,0.8272424527790784,Nucleus,0.7433146042531745,Nucleus,0.7176756817709159,Nucleus,0.9534181344733402,Nucleus,0.8062843720716092,Nucleus,0.5715181462062605,Nucleus,0.6497735548280433
>ID|11578|gene_id|317894|transcript_id|NM_168692 CG32170 Drosophila melanogaster mRNA ,Nucleus,0.6990879437940841,Nucleus,0.6990879437940841,Nucleus,0.5081791721552257,Nucleus,0.7225466080241914,Nucleus,0.6088048336554839,Nucleus,0.6837375460672755,Nucleus,0.5918725737290098,Nucleus,0.6231244236913489,Nucleus,0.5544807847474604,Nucleus,0.6124040323781157,Nucleus,0.525780333553517,Nucleus,0.5546548998283832
>ID|13262|gene_id|36776|transcript_id|NM_057863 Ric Drosophila melanogaster mRNA ,Cytoplasm,0.5094541785680315,Cytoplasm,0.5094541785680315,Nucleus,0.5516077609458003,Nucleus,0.5051383443228188,Nucleus,0.6033572185974694,Cytoplasm,0.5225016187417536,Nucleus,0.727688717693699,Cytoplasm,0.7781719787548612,Nucleus,0.8391024494405739,Nucleus,0.5691966633950102,Nucleus,0.4043620980531683,Nucleus,0.4593069531671156
>ID|12797|gene_id|34890|transcript_id|NM_165105 ZnT35C Drosophila melanogaster mRNA ,Cytoplasm,0.525218395409341,Cytoplasm,0.525218395409341,Nucleus,0.7203551162807771,Nucleus,0.5920189617956101,Nucleus,0.537452240438724,Cytoplasm,0.6661873712291463,Nucleus,0.5462801979383892,Cytoplasm,0.4547550763294379,Nucleus,0.49715453483968863,Cytoplasm,0.4855011123937153,Nucleus,0.3973346066527775,Nucleus,0.41083986564117364
>ID|11462|gene_id|31513|transcript_id|NM_001272334 CG15765 Drosophila melanogaster mRNA ,Nucleus,0.6358377317407568,Nucleus,0.6358377317407568,Nucleus,0.8466567742711892,Nucleus,0.8282799770840281,Nucleus,0.8372454847709274,Nucleus,0.7389737075117918,Nucleus,0.8070173294160834,Nucleus,0.7147871801196425,Nucleus,0.6835887855227939,Nucleus,0.7563224974682478,Nucleus,0.5893224429673461,Nucleus,0.6449891278009799
>ID|15383|gene_id|43560|transcript_id|NM_079833 Nlp Drosophila melanogaster mRNA ,Cytoplasm,0.4951736667804361,Cytoplasm,0.4951736667804361,Nucleus,0.5069055369209396,Cytoplasm,0.595456698217999,Cytoplasm,0.5342753511900192,Nucleus,0.5238883627373432,Nucleus,0.504232959775,Cytoplasm,0.8413938489098152,Nucleus,0.6765290769590045,Cytoplasm,0.5194492665735472,Cytoplasm,0.4120188545932287,Cytoplasm,0.44782899192000153
>ID|12981|gene_id|35588|transcript_id|NM_001103732 Epac Drosophila melanogaster mRNA ,Nucleus,0.6513589661657763,Nucleus,0.6513589661657763,Nucleus,0.6657133741954387,Cytoplasm,0.49876488393454343,Nucleus,0.7101333535052375,Nucleus,0.5771762311688439,Cytoplasm,0.5784698040227441,Nucleus,0.5898450896288857,Nucleus,0.8018861324332047,Nucleus,0.6177176310610019,Nucleus,0.48925618443893537,Nucleus,0.5320766666462909
>ID|13492|gene_id|37557|transcript_id|NM_001299790 babos Drosophila melanogaster mRNA ,Nucleus,0.54562462798405,Nucleus,0.54562462798405,Nucleus,0.6207207261518691,Cytoplasm,0.570252399952502,Nucleus,0.536958579095735,Nucleus,0.5458704719452854,Nucleus,0.6255876246216784,Cytoplasm,0.5251516799399237,Nucleus,0.6556719238032189,Nucleus,0.5646960555995741,Nucleus,0.4198215997699618,Nucleus,0.46811308504649923
>ID|13664|gene_id|37982|transcript_id|NM_138132 CG9083 Drosophila melanogaster mRNA ,Cytoplasm,0.509296935900019,Cytoplasm,0.509296935900019,Cytoplasm,0.625312854949596,Cytoplasm,0.37541849504814195,Cytoplasm,0.5601246152669882,Extracellular Region,0.5216945358812252,Cytoplasm,0.4653470027239928,Cytoplasm,0.46677399583740536,Cytoplasm,0.4276173138854891,Cytoplasm,0.4488424305549349,Cytoplasm,0.40386504435955517,Cytoplasm,0.4188575064246818
>ID|12695|gene_id|34577|transcript_id|NM_205965 CG31705 Drosophila melanogaster mRNA ,Cytoplasm,0.4750290810579671,Cytoplasm,0.4750290810579671,Nucleus,0.5948888555448127,Cytoplasm,0.4826708720058298,Nucleus,0.6250255880478403,Cytoplasm,0.39651735438347335,Nucleus,0.7879908868840801,Cytoplasm,0.4696168885755315,Nucleus,0.5988554434945056,Nucleus,0.5353734820207222,Cytoplasm,0.3253939680440109,Nucleus,0.3682155490056996
>ID|14147|gene_id|39340|transcript_id|NM_001259795 CycA Drosophila melanogaster mRNA ,Nucleus,0.8463370004260347,Nucleus,0.8463370004260347,Nucleus,0.7287023988861204,Nucleus,0.5154573581782278,Nucleus,0.7923888606656603,Nucleus,0.7818610682504307,Nucleus,0.7683119070223172,Nucleus,0.8475269347545665,Nucleus,0.8483460517936369,Nucleus,0.8076869644973224,Nucleus,0.5873667515832836,Nucleus,0.6608068225546299
>ID|14816|gene_id|41483|transcript_id|NM_079633 Su(var)3-9 Drosophila melanogaster mRNA ,Nucleus,0.8101309826183823,Nucleus,0.8101309826183823,Nucleus,0.7637711312600542,Nucleus,0.7640493070298003,Nucleus,0.6973375820741334,Nucleus,0.7027222435329695,Nucleus,0.6963737219480647,Nucleus,0.7856607802005868,Nucleus,0.9467156772966561,Nucleus,0.7657620010104822,Nucleus,0.6296164807053238,Nucleus,0.6749983208070433
>ID|15231|gene_id|42993|transcript_id|NM_079769 Hr96 Drosophila melanogaster mRNA ,Nucleus,0.755554452476238,Nucleus,0.755554452476238,Nucleus,0.5511310824246081,Cytoplasm,0.5151984130829836,Nucleus,0.5091343886962381,Nucleus,0.7185567711274888,Nucleus,0.5720437561618077,Nucleus,0.7362737141153113,Nucleus,0.6522678055449691,Nucleus,0.637655287129163,Nucleus,0.5069028587768355,Nucleus,0.5504870015609447
>ID|14885|gene_id|41673|transcript_id|NM_169544 Lkb1 Drosophila melanogaster mRNA ,Nucleus,0.7697873738068872,Nucleus,0.7697873738068872,Cytoplasm,0.5442042102975659,Cytoplasm,0.616836272277819,Cytoplasm,0.5440441440482385,Nucleus,0.6751887736322216,Nucleus,0.7055658586327375,Nucleus,0.788077079092784,Nucleus,0.8203384911161518,Nucleus,0.6866754925296151,Nucleus,0.46869751981713675,Nucleus,0.5413568440546296
>ID|12875|gene_id|35121|transcript_id|NM_057548 msl-1 Drosophila melanogaster mRNA ,Nucleus,0.5141952493645603,Nucleus,0.5141952493645603,Nucleus,0.7559985578706795,Nucleus,0.8401469282401401,Nucleus,0.6758402075455449,Nucleus,0.613760112572998,Nucleus,0.5023887935988666,Nucleus,0.5692034790732557,Nucleus,0.6342627752930594,Nucleus,0.5990910736167449,Nucleus,0.524907196967988,Nucleus,0.549635155850907
>ID|11515|gene_id|31658|transcript_id|NM_132156 CG8300 Drosophila melanogaster mRNA ,Nucleus,0.7926024537108127,Nucleus,0.7926024537108127,Nucleus,0.8130113368908435,Cytoplasm,0.5395175272606119,Nucleus,0.8321790693769644,Nucleus,0.7903333779787597,Nucleus,0.777578658403043,Nucleus,0.8031302501933871,Nucleus,0.6683286792860822,Nucleus,0.7743100070476473,Nucleus,0.5650048499762599,Nucleus,0.6347732356667223
>ID|14297|gene_id|39833|transcript_id|NM_079383 aos Drosophila melanogaster mRNA ,Nucleus,0.7640800785383435,Nucleus,0.7640800785383435,Nucleus,0.750961313803636,Nucleus,0.6952440139288077,Nucleus,0.6275957250172464,Nucleus,0.722373825196261,Nucleus,0.7039807602203164,Nucleus,0.8245596293569754,Nucleus,0.6568840743453052,Nucleus,0.7070788028272209,Nucleus,0.5948730969618261,Nucleus,0.6322749989169577
>ID|15671|gene_id|44540|transcript_id|NM_001144702 ct Drosophila melanogaster mRNA ,Nucleus,0.8183782890480983,Nucleus,0.8183782890480983,Nucleus,0.93445413830778,Nucleus,0.9022114910034008,Nucleus,0.8942058649531371,Nucleus,0.830959218577153,Nucleus,0.7690789938766486,Nucleus,0.8959039529965149,Nucleus,0.5187885824659005,Nucleus,0.781787322573871,Nucleus,0.6946844414814756,Nucleus,0.7237187351789407
>ID|12234|gene_id|33203|transcript_id|NM_001272888 Pi3K21B Drosophila melanogaster mRNA ,Nucleus,0.782993460068765,Nucleus,0.782993460068765,Nucleus,0.7717578679519974,Nucleus,0.6512812045261451,Nucleus,0.7087540744559473,Nucleus,0.6861319885959486,Nucleus,0.7023619590604883,Nucleus,0.7642574703466156,Nucleus,0.6376656851105383,Nucleus,0.6998342355139076,Nucleus,0.5978051985231346,Nucleus,0.6318148775200589
>ID|11794|gene_id|32057|transcript_id|NM_167274 Dlic Drosophila melanogaster mRNA ,Nucleus,0.5472659807984173,Nucleus,0.5472659807984173,Nucleus,0.7968257345814215,Nucleus,0.644663558081327,Nucleus,0.7775181048930062,Nucleus,0.6098783115678872,Nucleus,0.6334221823929488,Nucleus,0.5268618526016755,Nucleus,0.7504715071856259,Nucleus,0.6596303917282288,Nucleus,0.5072042508519166,Nucleus,0.558012964477354
>ID|16661|gene_id|50296|transcript_id|NM_001300089 dpr6 Drosophila melanogaster mRNA ,Nucleus,0.6891617720993307,Nucleus,0.6891617720993307,Nucleus,0.8485108953560505,Nucleus,0.8202639672951401,Nucleus,0.9100336589763321,Nucleus,0.7010087411388666,Nucleus,0.8081900882775925,Nucleus,0.7310529036987856,Nucleus,0.7917452836559563,Nucleus,0.7884061351495066,Nucleus,0.6094196813699704,Nucleus,0.6690818326298157
>ID|14652|gene_id|40948|transcript_id|NM_141502 CG10435 Drosophila melanogaster mRNA ,Nucleus,0.7688414667900744,Nucleus,0.7688414667900744,Nucleus,0.7882616496824281,Nucleus,0.7007688242542413,Nucleus,0.8142667622824806,Nucleus,0.6716881771097901,Nucleus,0.898168289433294,Nucleus,0.8239425445364262,Cytoplasm,0.5488358312109485,Nucleus,0.7294816714125614,Nucleus,0.6053426815033636,Nucleus,0.6467223448064295
>ID|9141|gene_id|246627|transcript_id|NM_166188 CG30463 Drosophila melanogaster mRNA ,Nucleus,0.6791548848399163,Nucleus,0.6791548848399163,Nucleus,0.5035657683322735,Cytoplasm,0.5639031639247666,Cytoplasm,0.5160697160129374,Nucleus,0.6183312180493783,Cytoplasm,0.4940813467289757,Nucleus,0.5833347941154595,Nucleus,0.6416137917538316,Nucleus,0.559231130698912,Nucleus,0.45633845430036385,Nucleus,0.49063601309987986
>ID|13079|gene_id|36006|transcript_id|NM_136673 CG1698 Drosophila melanogaster mRNA ,Nucleus,0.6320906803125192,Nucleus,0.6320906803125192,Nucleus,0.7125572095950091,Nucleus,0.5754874727888845,Nucleus,0.6380161760516885,Cytoplasm,0.5620053815247301,Nucleus,0.6461906234296252,Nucleus,0.5574898160515999,Nucleus,0.7355265596218771,Nucleus,0.5913359246591939,Nucleus,0.5104452086017864,Nucleus,0.5374087806209222
>ID|12063|gene_id|32786|transcript_id|NM_001298470 CG7536 Drosophila melanogaster mRNA ,Nucleus,0.5629370555417095,Nucleus,0.5629370555417095,Nucleus,0.5201656027378435,Nucleus,0.6625852811728675,Cytoplasm,0.5837454723930376,Cytoplasm,0.5131947552245599,Cytoplasm,0.7519292075902715,Cytoplasm,0.5542784022437451,Cytoplasm,0.6266224066616614,Cytoplasm,0.6059540488226551,Nucleus,0.461724998998826,Nucleus,0.43524553577093306
>ID|12052|gene_id|32752|transcript_id|NM_133010 par-6 Drosophila melanogaster mRNA ,Nucleus,0.6128110284082584,Nucleus,0.6128110284082584,Nucleus,0.7289861958615519,Nucleus,0.7403530083750158,Nucleus,0.8101993126322845,Nucleus,0.746466152871961,Nucleus,0.9146990402387298,Nucleus,0.7711001757394785,Nucleus,0.8465298480148918,Nucleus,0.8177989058994692,Nucleus,0.5389922522106169,Nucleus,0.6319278034402344
>ID|13847|gene_id|38465|transcript_id|NM_139585 CG10853 Drosophila melanogaster mRNA ,Cytoplasm,0.4855275712737038,Cytoplasm,0.4855275712737038,Cytoplasm,0.45218716510154,Cytoplasm,0.3808368505121826,Cytoplasm,0.506687908272302,Cytoplasm,0.4760227707839404,Cytoplasm,0.42224928122496563,Cytoplasm,0.5998509816292529,Nucleus,0.5799476437898614,Cytoplasm,0.47160821276512566,Cytoplasm,0.360815831632226,Cytoplasm,0.39774662534319255
>ID|14517|gene_id|40535|transcript_id|NM_001300226 TwdlG Drosophila melanogaster mRNA ,Nucleus,0.8008975356092424,Nucleus,0.8008975356092424,Nucleus,0.7198305872034003,Nucleus,0.7865488191825878,Nucleus,0.7223884114827188,Nucleus,0.7426398161565152,Cytoplasm,0.5847064017301055,Nucleus,0.6808693595475666,Cytoplasm,0.7364208081662563,Nucleus,0.5597854128755881,Nucleus,0.6216348955208946,Nucleus,0.6010184013057924
>ID|13330|gene_id|37070|transcript_id|NM_166264 pAbp Drosophila melanogaster mRNA ,Nucleus,0.643574885347248,Nucleus,0.643574885347248,Nucleus,0.8405442074928565,Nucleus,0.5221428583469304,Nucleus,0.5921978835870302,Cytoplasm,0.5678909471511073,Nucleus,0.6083720019939687,Nucleus,0.6363945730225502,Nucleus,0.5315410149136757,Nucleus,0.5531019273088524,Nucleus,0.5299673673068567,Nucleus,0.5376788873075219
>ID|12882|gene_id|35173|transcript_id|NM_001273627 Acn Drosophila melanogaster mRNA ,Nucleus,0.7330647066887384,Nucleus,0.7330647066887384,Nucleus,0.7101316942294656,Nucleus,0.8805498925353267,Nucleus,0.6187519271952722,Nucleus,0.6989845579226449,Nucleus,0.5480482414439847,Nucleus,0.7985347492093969,Cytoplasm,0.47968098088119443,Nucleus,0.6208613412561682,Nucleus,0.6113622000284538,Nucleus,0.614528580437692
>ID|11458|gene_id|31498|transcript_id|NM_001297978 CG15772 Drosophila melanogaster mRNA ,Nucleus,0.7711794627715026,Nucleus,0.7711794627715026,Nucleus,0.793546479266755,Nucleus,0.732920619420891,Nucleus,0.9105391198115281,Nucleus,0.8040348174260196,Nucleus,0.8384509968583509,Nucleus,0.631123804346856,Nucleus,0.7318149817515154,Nucleus,0.783192744038854,Nucleus,0.6137652048461303,Nucleus,0.6702410512437048
>ID|12910|gene_id|35311|transcript_id|NM_001299173 Arpc2 Drosophila melanogaster mRNA ,Nucleus,0.6735043863852557,Nucleus,0.6735043863852557,Nucleus,0.6908628333008229,Nucleus,0.6080050554018626,Nucleus,0.6134186519316674,Nucleus,0.5932935446099726,Nucleus,0.7275522041756098,Nucleus,0.7506875108015499,Nucleus,0.8706157531919068,Nucleus,0.7111135329421414,Nucleus,0.5291753322946394,Nucleus,0.58982139917714
>ID|14141|gene_id|39329|transcript_id|NM_079304 Pi3K68D Drosophila melanogaster mRNA ,Nucleus,0.7293043843926134,Nucleus,0.7293043843926134,Nucleus,0.7508256692642071,Nucleus,0.7542443826830855,Nucleus,0.7899127048852846,Nucleus,0.6448939133466439,Nucleus,0.5752151607772178,Nucleus,0.6244149638953647,Nucleus,0.7973338096989044,Nucleus,0.6863541105206831,Nucleus,0.5927357641465039,Nucleus,0.6239418796045636
>ID|11485|gene_id|31617|transcript_id|NM_001298034 shf Drosophila melanogaster mRNA ,Cytoplasm,0.4946765924918206,Cytoplasm,0.4946765924918206,Nucleus,0.6558198837781701,Nucleus,0.6325275664240682,Nucleus,0.5892294055017534,Cytoplasm,0.5321615676978527,Nucleus,0.6144021718726056,Cytoplasm,0.49853453868994524,Cytoplasm,0.5737533666227511,Nucleus,0.5094223035314371,Nucleus,0.45498537797036764,Nucleus,0.4731310198240575
>ID|12669|gene_id|34486|transcript_id|NM_135607 CG6495 Drosophila melanogaster mRNA ,Nucleus,0.7942797814427874,Nucleus,0.7942797814427874,Nucleus,0.5509595757881532,Nucleus,0.5300614029414643,Cytoplasm,0.5661163965951278,Nucleus,0.6827836912895565,Nucleus,0.6570068009064203,Nucleus,0.6855335845982806,Nucleus,0.5818411822262851,Nucleus,0.6054449264982626,Nucleus,0.5339161083230385,Nucleus,0.5577590477147799
>ID|14061|gene_id|39085|transcript_id|NM_079277 aay Drosophila melanogaster mRNA ,Nucleus,0.6972873368467678,Nucleus,0.6972873368467678,Cytoplasm,0.5201538593414061,Nucleus,0.6579755450518758,Cytoplasm,0.5271498331342089,Cytoplasm,0.5988802556886443,Nucleus,0.7860783561342058,Nucleus,0.6462043506700779,Nucleus,0.7433534450003917,Nucleus,0.6063551119554765,Nucleus,0.5036779286221243,Nucleus,0.5379036563999083
>ID|14890|gene_id|41686|transcript_id|NM_142056 CG9312 Drosophila melanogaster mRNA ,Cytoplasm,0.5334971929089375,Cytoplasm,0.5334971929089375,Nucleus,0.7516189734209876,Nucleus,0.507091699166578,Nucleus,0.778360218272717,Cytoplasm,0.532908252659643,Nucleus,0.7945221820222103,Cytoplasm,0.7629598193641424,Mitochondria,0.7449824185987557,Nucleus,0.4573405487278877,Nucleus,0.43159646144892083,Nucleus,0.4401778238752431
>ID|14515|gene_id|40530|transcript_id|NM_079496 abs Drosophila melanogaster mRNA ,Nucleus,0.6050334798464224,Nucleus,0.6050334798464224,Nucleus,0.6621196474188703,Nucleus,0.5277046141508732,Nucleus,0.6062139382232454,Nucleus,0.5626921511704592,Cytoplasm,0.5240460435097377,Cytoplasm,0.5231221598377143,Nucleus,0.7724601886358805,Nucleus,0.5720650711956226,Nucleus,0.47997824425251767,Nucleus,0.5106738532335526
>ID|15015|gene_id|42187|transcript_id|NM_142440 CG7156 Drosophila melanogaster mRNA ,Nucleus,0.7427887304745521,Nucleus,0.7427887304745521,Nucleus,0.7353538521435701,Nucleus,0.7599166149783004,Nucleus,0.6507247649432254,Nucleus,0.7570285558427585,Nucleus,0.5204008580601459,Nucleus,0.7153441714779696,Nucleus,0.6565542438342062,Nucleus,0.6600105188316612,Nucleus,0.5961695856141949,Nucleus,0.6174498966866836
>ID|13645|gene_id|37888|transcript_id|NM_079118 betaTub60D Drosophila melanogaster mRNA ,Nucleus,0.6676256276274205,Nucleus,0.6676256276274205,Nucleus,0.7194515005148534,Nucleus,0.5306407331907417,Nucleus,0.6682034799521271,Nucleus,0.4909375938917972,Nucleus,0.6558923451520974,Cytoplasm,0.7440579647516237,Nucleus,0.6160914623682078,Nucleus,0.5346397873389634,Nucleus,0.5170686977920873,Nucleus,0.5229257276410461
>ID|14715|gene_id|41181|transcript_id|NM_001300333 hyd Drosophila melanogaster mRNA ,Nucleus,0.6337802112456038,Nucleus,0.6337802112456038,Nucleus,0.6535794469381706,Nucleus,0.6780581592284378,Nucleus,0.666778521256633,Nucleus,0.5487822572219813,Cytoplasm,0.6116027081934448,Cytoplasm,0.5377976562261836,Nucleus,0.5047398101036034,Nucleus,0.5102795021973325,Nucleus,0.5198396057315632,Nucleus,0.5166529045534863
>ID|13998|gene_id|38905|transcript_id|NM_139921 mus301 Drosophila melanogaster mRNA ,Nucleus,0.6743909626868693,Nucleus,0.6743909626868693,Nucleus,0.6157764046525864,Nucleus,0.704930143643054,Nucleus,0.543555759191597,Nucleus,0.6464551919622918,Nucleus,0.6894268830245831,Nucleus,0.6842358597359799,Nucleus,0.6733493930547635,Nucleus,0.647404617393843,Nucleus,0.5338976947338757,Nucleus,0.5717333356205315
>ID|14977|gene_id|41967|transcript_id|NM_142271 CG6126 Drosophila melanogaster mRNA ,Cytoplasm,0.482254115408105,Cytoplasm,0.482254115408105,Cytoplasm,0.5790582498621265,Cytoplasm,0.5485687999214423,Nucleus,0.45506505448919676,Cytoplasm,0.517146927152245,Nucleus,0.7049092027745985,Cytoplasm,0.6731543396283766,Cytoplasm,0.45506814118869177,Cytoplasm,0.4575924363472585,Cytoplasm,0.4184270561199558,Cytoplasm,0.43148218286239004
>ID|12811|gene_id|34976|transcript_id|NM_001299050 CaBP1 Drosophila melanogaster mRNA ,Nucleus,0.6596274710387027,Nucleus,0.6596274710387027,Nucleus,0.5724457983938703,Cytoplasm,0.5868332922451093,Nucleus,0.5064701026776737,Nucleus,0.4977867109686723,Nucleus,0.6729055175457049,Cytoplasm,0.5618099173902861,Nucleus,0.6491897216717427,Nucleus,0.55028318825384,Nucleus,0.4559233248740253,Nucleus,0.48737661266729687
>ID|16627|gene_id|49895|transcript_id|NM_001259203 CG17018 Drosophila melanogaster mRNA ,Nucleus,0.6239092190502917,Nucleus,0.6239092190502917,Nucleus,0.6089248078498559,Nucleus,0.7410866984088809,Nucleus,0.6402941244946473,Nucleus,0.6895530894972104,Nucleus,0.7331477121246075,Nucleus,0.6480922998819634,Nucleus,0.5502334884305222,Nucleus,0.6522641428857902,Nucleus,0.5195659888718641,Nucleus,0.5637987068765061
>ID|11917|gene_id|32392|transcript_id|NM_132734 CG9411 Drosophila melanogaster mRNA ,Nucleus,0.7367653302018601,Nucleus,0.7367653302018601,Nucleus,0.4989288119016107,Nucleus,0.4838758850029706,Nucleus,0.7635144666049134,Nucleus,0.7867299480028851,Nucleus,0.8636291872011157,Nucleus,0.6905161882067551,Nucleus,0.7433618933647489,Nucleus,0.7695503366760837,Nucleus,0.49126707146166027,Nucleus,0.584028159866468
>ID|14337|gene_id|39976|transcript_id|NM_079406 Adgf-A Drosophila melanogaster mRNA ,Nucleus,0.5280167156707559,Nucleus,0.5280167156707559,Nucleus,0.5157988088268706,Nucleus,0.5458768661238844,Nucleus,0.5203890178943134,Cytoplasm,0.5286171786938239,Nucleus,0.7802214254006009,Nucleus,0.5767856182698227,Nucleus,0.692359136479998,Nucleus,0.5991644210650671,Nucleus,0.4235418212584534,Nucleus,0.48208268786065794
>ID|12634|gene_id|34338|transcript_id|NM_057693 Pen Drosophila melanogaster mRNA ,Nucleus,0.5115120337809205,Nucleus,0.5115120337809205,Nucleus,0.6717060346785175,Nucleus,0.8249598508887631,Nucleus,0.8017496468538842,Nucleus,0.5890535164759703,Nucleus,0.5683404937654102,Cytoplasm,0.5284540009088653,Cytoplasm,0.6545327504374113,Nucleus,0.5495870833669773,Nucleus,0.5039379906258243,Nucleus,0.5191543548728753
>ID|13886|gene_id|38639|transcript_id|NM_139726 lin-28 Drosophila melanogaster mRNA ,Nucleus,0.7815267512567852,Nucleus,0.7815267512567852,Nucleus,0.7562943896513371,Nucleus,0.8136949146837585,Nucleus,0.6599456147380137,Nucleus,0.7451944867424292,Nucleus,0.6303033385558205,Nucleus,0.6559926178022574,Nucleus,0.5250269612098195,Nucleus,0.643292603809668,Nucleus,0.6266085613697332,Nucleus,0.6321699088497115
>ID|13252|gene_id|36772|transcript_id|NM_001299546 CG8405 Drosophila melanogaster mRNA ,Nucleus,0.6906184194775183,Nucleus,0.6906184194775183,Nucleus,0.7059007174044057,Nucleus,0.7906928695893292,Nucleus,0.7728341643859415,Nucleus,0.7608661841215326,Nucleus,0.7772611804114593,Nucleus,0.755574365971108,Nucleus,0.6450223755645366,Nucleus,0.7423116540909156,Nucleus,0.5755660851897544,Nucleus,0.6311479414901414
>ID|11514|gene_id|31651|transcript_id|NM_132151 CG14427 Drosophila melanogaster mRNA ,Cytoplasm,0.5764167205365407,Cytoplasm,0.5764167205365407,Nucleus,0.7599081196201936,Cytoplasm,0.5181789678976731,Nucleus,0.7328137808965077,Nucleus,0.6243845462558435,Nucleus,0.9083013967096205,Nucleus,0.6258855737125708,Nucleus,0.8961119185072975,Nucleus,0.757499443216368,Nucleus,0.4096097953597518,Nucleus,0.5255730113119572
>ID|11527|gene_id|31712|transcript_id|NM_206643 l(1)G0193 Drosophila melanogaster mRNA ,Cytoplasm,0.701007297850304,Cytoplasm,0.701007297850304,Cytoplasm,0.52120860961299,Nucleus,0.830215337656951,Nucleus,0.5389865287555985,Cytoplasm,0.5840382579175225,Cytoplasm,0.5799932209738979,Cytoplasm,0.5060812231289098,Nucleus,0.6977251313556356,Nucleus,0.5040348719071639,Cytoplasm,0.41547497776751907,Cytoplasm,0.4373063054939695
>ID|15549|gene_id|44021|transcript_id|NM_001298872 nmd Drosophila melanogaster mRNA ,Nucleus,0.5470636724978565,Nucleus,0.5470636724978565,Nucleus,0.6464481702086117,Nucleus,0.818408374980079,Nucleus,0.6646741039133189,Nucleus,0.6921169907449778,Nucleus,0.5052707431557241,Cytoplasm,0.4956740893466571,Cytoplasm,0.5494005589944623,Nucleus,0.5527819631651516,Nucleus,0.5117967780368808,Nucleus,0.5254585064129711
>ID|13827|gene_id|38400|transcript_id|NM_168008 CG17746 Drosophila melanogaster mRNA ,Nucleus,0.5492413816374875,Nucleus,0.5492413816374875,Nucleus,0.8672749094142056,Nucleus,0.8461028176622467,Nucleus,0.8649021837099079,Nucleus,0.5566148789811105,Nucleus,0.8745799023183253,Nucleus,0.5595113153592842,Nucleus,0.8001544271062321,Nucleus,0.731152541494972,Nucleus,0.5623720980702854,Nucleus,0.6186322458785143
>ID|12945|gene_id|35418|transcript_id|NM_001032217 Df31 Drosophila melanogaster mRNA ,Nucleus,0.7533986391362305,Nucleus,0.7533986391362305,Nucleus,0.8003630309648778,Nucleus,0.5989948994890307,Nucleus,0.8570868829235861,Nucleus,0.6601575408442386,Nucleus,0.5996184172762279,Nucleus,0.7215596332882502,Nucleus,0.8023499745157776,Nucleus,0.7281544897696162,Nucleus,0.581231041745274,Nucleus,0.6302055244200547
>ID|12015|gene_id|32651|transcript_id|NM_132923 CG9672 Drosophila melanogaster mRNA ,Cytoplasm,0.7348209142472456,Cytoplasm,0.7348209142472456,Cytoplasm,0.4662678916342414,Cytoplasm,0.7201713599048017,Cytoplasm,0.5987155559831929,Cytoplasm,0.7807142771609541,Cytoplasm,0.6187879795151333,Cytoplasm,0.7785018150461951,Cytoplasm,0.7389662411138591,Cytoplasm,0.7031371737638669,Cytoplasm,0.5312162160067069,Cytoplasm,0.5885232019257601
>ID|12934|gene_id|35355|transcript_id|NM_136225 CG9336 Drosophila melanogaster mRNA ,Cytoplasm,0.6295539921417231,Cytoplasm,0.6295539921417231,Cytoplasm,0.4463100267298817,Cytoplasm,0.4456963892130749,Nucleus,0.6949292594818663,Cytoplasm,0.7124131234624631,Cytoplasm,0.4244633847464103,Cytoplasm,0.5306962727909117,Nucleus,0.4786446556884802,Nucleus,0.44729551970666453,Cytoplasm,0.4302228800452806,Cytoplasm,0.43352590934098467
>ID|15253|gene_id|43096|transcript_id|NM_143154 RASSF8 Drosophila melanogaster mRNA ,Nucleus,0.8038806945113702,Nucleus,0.8038806945113702,Nucleus,0.6557924502365224,Nucleus,0.8623705854263739,Nucleus,0.7439352366952262,Nucleus,0.8138952491973015,Mitochondria,0.7021615940221981,Nucleus,0.7619428011709024,Nucleus,0.9070851289051346,Nucleus,0.6965586362902648,Nucleus,0.6251848849371273,Nucleus,0.6489761353881732
>ID|12200|gene_id|33135|transcript_id|NM_001272844 CG12576 Drosophila melanogaster mRNA ,Nucleus,0.8232112850154206,Nucleus,0.8232112850154206,Nucleus,0.5471230819002655,Nucleus,0.7105052435584632,Cytoplasm,0.5024535661418844,Nucleus,0.7133103864255191,Nucleus,0.49193051983186525,Nucleus,0.8649254479511412,Nucleus,0.6244317335315988,Nucleus,0.6353162366776146,Nucleus,0.580810179097914,Nucleus,0.5989788649578142
>ID|14859|gene_id|41627|transcript_id|NM_079618 Su(var)3-7 Drosophila melanogaster mRNA ,Nucleus,0.6924803184311055,Nucleus,0.6924803184311055,Nucleus,0.713382525366099,Nucleus,0.7075006219512864,Nucleus,0.6793180992273438,Nucleus,0.6359830862713644,Nucleus,0.7276815940130348,Nucleus,0.6514359886232828,Cytoplasm,0.5013439578414909,Nucleus,0.6353258960965683,Nucleus,0.5611687568359193,Nucleus,0.5858878032561355
>ID|9134|gene_id|246534|transcript_id|NM_166417 CG30291 Drosophila melanogaster mRNA ,Cytoplasm,0.49719715073609894,Cytoplasm,0.49719715073609894,Cytoplasm,0.5030819102732543,Cytoplasm,0.6042707068086742,Cytoplasm,0.592034660708294,Nucleus,0.6064077846305311,Cytoplasm,0.5055245863894261,Cytoplasm,0.5892771128573301,Nucleus,0.8403361618331088,Nucleus,0.5437358578466903,Cytoplasm,0.4203493837108253,Cytoplasm,0.4283409858432023
>ID|14132|gene_id|39284|transcript_id|NM_140213 chrb Drosophila melanogaster mRNA ,Nucleus,0.8340800364248774,Nucleus,0.8340800364248774,Nucleus,0.8960769676874648,Nucleus,0.9115251828742926,Nucleus,0.889677843953705,Nucleus,0.9126291739864298,Nucleus,0.9147856329957434,Nucleus,0.8971013349140541,Nucleus,0.5106892635217859,Nucleus,0.8249766498743437,Nucleus,0.6951524446823025,Nucleus,0.7384271797463162
>ID|13788|gene_id|38223|transcript_id|NM_001259621 Cht2 Drosophila melanogaster mRNA ,Nucleus,0.5246158418302838,Nucleus,0.5246158418302838,Nucleus,0.4927744198154084,Nucleus,0.554868686319943,Nucleus,0.49349885703020585,Nucleus,0.583137988975854,Nucleus,0.5076504913140173,Cytoplasm,0.5127820470757583,Nucleus,0.5735256348759857,Nucleus,0.5254746833619004,Nucleus,0.4193749579591838,Nucleus,0.45474153309342263
>ID|13062|gene_id|35956|transcript_id|NM_001273892 Myd88 Drosophila melanogaster mRNA ,Nucleus,0.8432397943348231,Nucleus,0.8432397943348231,Nucleus,0.6932642890058031,Nucleus,0.8298681947927969,Nucleus,0.7356244394786836,Nucleus,0.6848748574630453,Nucleus,0.8552899852033778,Nucleus,0.8255316881532073,Nucleus,0.8623572419166737,Nucleus,0.7927356424429975,Nucleus,0.6419224144936492,Nucleus,0.6921934904767654
>ID|15062|gene_id|42385|transcript_id|NM_142597 MED25 Drosophila melanogaster mRNA ,Nucleus,0.6052155177088077,Nucleus,0.6052155177088077,Nucleus,0.8568010327368824,Nucleus,0.8116955062654011,Nucleus,0.8941339277302165,Nucleus,0.6949605251977647,Nucleus,0.657802041946238,Nucleus,0.7263299366453787,Nucleus,0.5306855737899596,Nucleus,0.7007824010619116,Nucleus,0.5757855148839798,Nucleus,0.6174511436099571
>ID|14825|gene_id|41511|transcript_id|NM_001300375 CG10035 Drosophila melanogaster mRNA ,Nucleus,0.48215804477107266,Nucleus,0.48215804477107266,Nucleus,0.6275663186871734,Nucleus,0.6365723291972006,Nucleus,0.39589772198492335,Nucleus,0.5767600860827506,Cytoplasm,0.5699218215878945,Nucleus,0.5174240223037798,Cytoplasm,0.6000037416499525,Nucleus,0.454207436176404,Nucleus,0.4456909474853039,Nucleus,0.448529777049004
>ID|11323|gene_id|31065|transcript_id|NM_001297838 CG11380 Drosophila melanogaster mRNA ,Nucleus,0.8654135058647854,Nucleus,0.8654135058647854,Nucleus,0.9184096426030725,Nucleus,0.9097979301035559,Nucleus,0.9175655551142632,Nucleus,0.8188192673723947,Nucleus,0.7201010241845716,Nucleus,0.87376669587576,Nucleus,0.6119918265616828,Nucleus,0.7884488738217346,Nucleus,0.7118069168872398,Nucleus,0.7373542358654047
>ID|13254|gene_id|36774|transcript_id|NM_137240 CG8414 Drosophila melanogaster mRNA ,Nucleus,0.7079558330239532,Nucleus,0.7079558330239532,Cytoplasm,0.49832165085810426,Cytoplasm,0.5609705664831217,Nucleus,0.5089551481908732,Nucleus,0.6265917752960548,Nucleus,0.48363018902303223,Nucleus,0.7805637468791552,Nucleus,0.8229135011763222,Nucleus,0.6445308721130875,Nucleus,0.45569088101484934,Nucleus,0.518637544714262
>ID|11317|gene_id|31027|transcript_id|NM_080297 Rbf Drosophila melanogaster mRNA ,Nucleus,0.7819193994011231,Nucleus,0.7819193994011231,Nucleus,0.5789954772037216,Nucleus,0.657655126202663,Nucleus,0.7287672166667196,Nucleus,0.7594924114982133,Nucleus,0.5654163381863974,Nucleus,0.8168800753096558,Cytoplasm,0.6134835582087469,Nucleus,0.6485384027823675,Nucleus,0.5600978804417263,Nucleus,0.5895780545552733
>ID|14462|gene_id|40289|transcript_id|NM_140991 CG13252 Drosophila melanogaster mRNA ,Nucleus,0.6143509553503286,Nucleus,0.6143509553503286,Nucleus,0.6453089604396539,Nucleus,0.7682343540346098,Nucleus,0.7435932596409779,Nucleus,0.5966101876331977,Nucleus,0.743378313246215,Nucleus,0.6975384382002935,Nucleus,0.6351132868938016,Nucleus,0.6832466971228972,Nucleus,0.5284490450349841,Nucleus,0.5800482623976219
>ID|14116|gene_id|39255|transcript_id|NM_140184 NaPi-III Drosophila melanogaster mRNA ,Nucleus,0.7859656871824212,Nucleus,0.7859656871824212,Nucleus,0.7693253665466714,Nucleus,0.7651638797694366,Nucleus,0.7630361483191174,Nucleus,0.7925398403610394,Nucleus,0.4698477168070219,Nucleus,0.7239526865220841,Mitochondria,0.39197703958429125,Nucleus,0.6042906636752126,Nucleus,0.6212841241361902,Nucleus,0.6156196373158643
>ID|12768|gene_id|34778|transcript_id|NM_001298978 TM9SF4 Drosophila melanogaster mRNA ,Nucleus,0.4280198980393358,Nucleus,0.4280198980393358,Nucleus,0.6069570039740554,Nucleus,0.6671672923914203,Nucleus,0.6145947798326529,Nucleus,0.47284122622854424,Nucleus,0.6106177574490689,Nucleus,0.5218581267717203,Nucleus,0.8009370141256525,Nucleus,0.6041697808815277,Nucleus,0.42603281848882946,Nucleus,0.48541180595306227
>ID|12092|gene_id|32926|transcript_id|NM_001298506 out Drosophila melanogaster mRNA ,Nucleus,0.6495848303196273,Nucleus,0.6495848303196273,Nucleus,0.8388089919770858,Nucleus,0.7680901269267599,Nucleus,0.8363464288034915,Nucleus,0.4432800085084537,Nucleus,0.842364991655311,Nucleus,0.4370606678493891,Nucleus,0.8007916288572672,Nucleus,0.6719687451347826,Nucleus,0.5812137559086201,Nucleus,0.6114654189840075
>ID|14123|gene_id|39268|transcript_id|NM_001300099 CG42671 Drosophila melanogaster mRNA ,Nucleus,0.8224977865561962,Nucleus,0.8224977865561962,Nucleus,0.611437533266346,Nucleus,0.654579098040687,Nucleus,0.6328672175813034,Nucleus,0.7250788042987762,Nucleus,0.8818479623648999,Nucleus,0.8158037852135197,Nucleus,0.7686270257354406,Nucleus,0.764844959038788,Nucleus,0.5822024408838851,Nucleus,0.6430832802688528
>Posterior_71 ,Nucleus,0.5537492904689335,Nucleus,0.5537492904689335,Cytoplasm,0.5236672483470836,Cytoplasm,0.5390475204266261,Nucleus,0.5307143567208515,Cytoplasm,0.5279568700060827,Cytoplasm,0.5667122080078654,Cytoplasm,0.5112683423417912,Nucleus,0.7092754030486689,Nucleus,0.5051440222087058,Nucleus,0.3872637185639123,Nucleus,0.4265571531121768
>39169_Posterior ,Nucleus,0.6484783190600111,Nucleus,0.6484783190600111,Nucleus,0.8248227284688519,Nucleus,0.7612814733688488,Nucleus,0.817858927344466,Nucleus,0.7560019307746889,Nucleus,0.8374276700483076,Nucleus,0.850941053885778,Nucleus,0.8414927160643263,Nucleus,0.8207444596235135,Nucleus,0.5766121679915446,Nucleus,0.6579895985355342
>37521_Posterior ,Nucleus,0.8748764104980716,Nucleus,0.8748764104980716,Nucleus,0.7708042208911389,Nucleus,0.9188362079439876,Nucleus,0.9327310943099616,Nucleus,0.8915171835083201,Nucleus,0.9788332515179942,Nucleus,0.8917239880971652,Nucleus,0.9536679481438827,Nucleus,0.9296946931154647,Nucleus,0.6878786499662539,Nucleus,0.7684839976826575
>35107_Posterior ,Nucleus,0.8211421678376565,Nucleus,0.8211421678376565,Nucleus,0.5948349080690399,Nucleus,0.7067225838886098,Cytoplasm,0.555329508811335,Nucleus,0.7431259184763002,Nucleus,0.788347646772755,Nucleus,0.8542102765885922,Nucleus,0.727988449491613,Nucleus,0.7092887606260919,Nucleus,0.5887683655265926,Nucleus,0.628941830559759
>38376_Posterior ,Nucleus,0.8133762073255216,Nucleus,0.8133762073255216,Nucleus,0.7890703916512246,Nucleus,0.7615342125305332,Nucleus,0.8491472501053176,Nucleus,0.8377244197143103,Nucleus,0.8523050332075297,Nucleus,0.8477115285341617,Nucleus,0.9074142931405698,Nucleus,0.8588605049403778,Nucleus,0.6354714037665603,Nucleus,0.7099344374911661
>38487_Posterior ,Nucleus,0.8897618095969868,Nucleus,0.8897618095969868,Nucleus,0.7264873363595612,Nucleus,0.8362448352342196,Nucleus,0.8226975107809658,Nucleus,0.9458916679445301,Nucleus,0.9329798916316969,Nucleus,0.8859970527682038,Nucleus,0.8866659171595898,Nucleus,0.8948464080569971,Nucleus,0.6684511581575509,Nucleus,0.7439162414573662
>39041_Posterior ,Cytoplasm,0.5325790712075874,Cytoplasm,0.5325790712075874,Cytoplasm,0.4892119915668383,Nucleus,0.8017955680709848,Cytoplasm,0.5025749712622934,Nucleus,0.6399897190425784,Cytoplasm,0.5749155285995607,Cytoplasm,0.5411089589489408,Cytoplasm,0.6086427102283544,Cytoplasm,0.5145384358361654,Nucleus,0.4340214247847266,Nucleus,0.4370075212130134
>37458_Posterior ,Cytoplasm,0.6438101682433972,Cytoplasm,0.6438101682433972,Nucleus,0.4927100644601537,Nucleus,0.6499189067092548,Nucleus,0.5995124032090149,Cytoplasm,0.5861671967858605,Cytoplasm,0.5023728388054102,Cytoplasm,0.5703926559193762,Nucleus,0.7883509630346893,Nucleus,0.5386690630754839,Cytoplasm,0.41729474771248853,Cytoplasm,0.4259568618583532
>31309_Posterior ,Nucleus,0.8657300541703243,Nucleus,0.8657300541703243,Nucleus,0.80865947003756,Nucleus,0.7519814576664048,Nucleus,0.7266382613014231,Nucleus,0.855167452982811,Nucleus,0.4972799165343478,Nucleus,0.8437532323760626,Nucleus,0.6488702600414352,Nucleus,0.7143418246472159,Nucleus,0.6584202072089227,Nucleus,0.6770607463550204
>31618_Posterior ,Nucleus,0.7861537645819534,Nucleus,0.7861537645819534,Nucleus,0.6920483076580141,Nucleus,0.633320022851312,Nucleus,0.7427739799053477,Nucleus,0.7425387238632988,Nucleus,0.758460164488429,Nucleus,0.6911709440893082,Nucleus,0.864068177860487,Nucleus,0.7598023980413741,Nucleus,0.5795351719346465,Nucleus,0.6396242473035557
>45931_Posterior ,Nucleus,0.8810423075942929,Nucleus,0.8810423075942929,Nucleus,0.7295851031888364,Nucleus,0.765771569554242,Nucleus,0.8312890020803131,Nucleus,0.8202000026364313,Nucleus,0.7243423202329762,Nucleus,0.8396378681472405,Nucleus,0.5283624153061531,Nucleus,0.7487663216806228,Nucleus,0.6514882575863329,Nucleus,0.6839142789510962
>43694_Posterior ,Nucleus,0.8146774407718752,Nucleus,0.8146774407718752,Nucleus,0.7341686362152376,Nucleus,0.9177631033067971,Nucleus,0.9231735594480753,Nucleus,0.754090630426794,Nucleus,0.9365207579134548,Nucleus,0.7987248447381925,Nucleus,0.8515458580009648,Nucleus,0.8528111301054964,Nucleus,0.6562573242131571,Nucleus,0.7217752595106036
>35927_Posterior ,Nucleus,0.7750245981142829,Nucleus,0.7750245981142829,Nucleus,0.6304330268158977,Nucleus,0.5279228956593524,Nucleus,0.6268309253461943,Nucleus,0.7878526166296532,Nucleus,0.724024628820032,Nucleus,0.7682417389090881,Nucleus,0.7028649546476454,Nucleus,0.7219629728705226,Nucleus,0.5416810237407631,Nucleus,0.6017750067840163
>47399_Posterior ,Nucleus,0.7956698384831395,Nucleus,0.7956698384831395,Nucleus,0.7204607965667836,Nucleus,0.7647358538770556,Cytoplasm,0.5200071622263034,Nucleus,0.7202285835599156,Nucleus,0.682615937287985,Nucleus,0.785137073487993,Nucleus,0.6448160400007145,Nucleus,0.6603352574688991,Nucleus,0.6153072654820237,Nucleus,0.6303165961443155
>34087_Posterior ,Cytoplasm,0.527550445754517,Cytoplasm,0.527550445754517,Nucleus,0.7475123108190874,Nucleus,0.5759809248406855,Nucleus,0.7731846334397442,Cytoplasm,0.54841752797604,Nucleus,0.5964535209257571,Nucleus,0.5062330016619905,Nucleus,0.8046271336574515,Nucleus,0.6231412959230859,Nucleus,0.4473454641273479,Nucleus,0.5059440747259272
>40588_Posterior ,Nucleus,0.6347212519721952,Nucleus,0.6347212519721952,Cytoplasm,0.5397907622725471,Cytoplasm,0.6304059270535683,Nucleus,0.5779796287700146,Nucleus,0.5011001302538758,Cytoplasm,0.6411330277608186,Cytoplasm,0.5991666111021543,Nucleus,0.5387950415913672,Cytoplasm,0.5128872089886023,Nucleus,0.4113143563071839,Nucleus,0.4309430061624253
>35929_Posterior ,Nucleus,0.7824820450465304,Nucleus,0.7824820450465304,Nucleus,0.7546117515626736,Nucleus,0.7496090712087715,Nucleus,0.7230611489739698,Nucleus,0.8129305959436295,Nucleus,0.6055474465900084,Nucleus,0.7814955729537081,Nucleus,0.7682391052192254,Nucleus,0.7382547739361083,Nucleus,0.6138369825729011,Nucleus,0.6553095796939702
>39958_Posterior ,Cytoplasm,0.5834484285002837,Cytoplasm,0.5834484285002837,Nucleus,0.6684638335706826,Nucleus,0.5170110485030335,Nucleus,0.6650903909920796,Cytoplasm,0.52203401582006,Nucleus,0.7327326317346157,Cytoplasm,0.6174477722272564,Nucleus,0.8155070085432342,Nucleus,0.6113891982364155,Nucleus,0.4004341479693789,Nucleus,0.47075249805839103
>35343_Posterior ,Nucleus,0.5489604933962637,Nucleus,0.5489604933962637,Nucleus,0.6054599948176047,Nucleus,0.5613199766130423,Nucleus,0.5903661169529586,Nucleus,0.5941235690268044,Nucleus,0.5029149323643373,Nucleus,0.66770509669121,Cytoplasm,0.7386440551413876,Nucleus,0.5215038396818841,Nucleus,0.4529401916446349,Nucleus,0.47579474099038466
>45969_Posterior ,Cytoplasm,0.5373855941505183,Cytoplasm,0.5373855941505183,Nucleus,0.5508618167710289,Nucleus,0.5968551140041151,Nucleus,0.5334043626878424,Nucleus,0.5210542404601336,Cytoplasm,0.5019630407423593,Cytoplasm,0.6729420100989462,Cytoplasm,0.5237472534151805,Cytoplasm,0.5231596907153199,Nucleus,0.4098118939639674,Nucleus,0.4270513829505542
